{
"Profiles": [
{
  "Use libtickit protocol" : true,
  "Tags" : [

  ],
  "Ansi 12 Color" : {
    "Red Component" : 0.18431372940540314,
    "Color Space" : "Calibrated",
    "Blue Component" : 0.92941176891326904,
    "Alpha Component" : 1,
    "Green Component" : 0.61568629741668701
  },
  "Right Option Key Changeable" : false,
  "Draw Powerline Glyphs" : true,
  "Bold Color" : {
    "Red Component" : 0.85490196943283081,
    "Color Space" : "Calibrated",
    "Blue Component" : 0.78039216995239258,
    "Alpha Component" : 1,
    "Green Component" : 0.85098040103912354
  },
  "Use Non-ASCII Font" : true,
  "Ansi 2 Color" : {
    "Red Component" : 0.11764705926179886,
    "Color Space" : "Calibrated",
    "Blue Component" : 0.16862745583057404,
    "Alpha Component" : 1,
    "Green Component" : 0.73333334922790527
  },
  "Normal Font" : "MonaspaceNeonVar-Regular 15",
  "Rows" : 25,
  "Default Bookmark" : "No",
  "Ansi 3 Color" : {
    "Red Component" : 0.99215686321258545,
    "Color Space" : "Calibrated",
    "Blue Component" : 0.20392157137393951,
    "Alpha Component" : 1,
    "Green Component" : 0.97254902124404907
  },
  "Ansi 4 Color" : {
    "Red Component" : 0.12941177189350128,
    "Color Space" : "Calibrated",
    "Blue Component" : 0.92549020051956177,
    "Alpha Component" : 1,
    "Green Component" : 0.52549022436141968
  },
  "Ansi 5 Color" : {
    "Red Component" : 0.97254902124404907,
    "Color Space" : "Calibrated",
    "Blue Component" : 0.12941177189350128,
    "Alpha Component" : 1,
    "Green Component" : 0.35294118523597717
  },
  "Cursor Guide Color" : {
    "Red Component" : 0.12722404301166534,
    "Color Space" : "Calibrated",
    "Blue Component" : 0.87706279754638672,
    "Alpha Component" : 0.25098039215686274,
    "Green Component" : 0.76422178745269775
  },
  "Non-ASCII Anti Aliased" : true,
  "Use Bright Bold" : true,
  "Ansi 10 Color" : {
    "Red Component" : 0.14509804546833038,
    "Color Space" : "Calibrated",
    "Blue Component" : 0.25490197539329529,
    "Alpha Component" : 1,
    "Green Component" : 0.75686275959014893
  },
  "Ambiguous Double Width" : false,
  "Jobs to Ignore" : [
    "rlogin",
    "ssh",
    "slogin",
    "telnet"
  ],
  "Ansi 15 Color" : {
    "Red Component" : 1,
    "Color Space" : "Calibrated",
    "Blue Component" : 1,
    "Alpha Component" : 1,
    "Green Component" : 1
  },
  "Foreground Color" : {
    "Red Component" : 0.85490196943283081,
    "Color Space" : "Calibrated",
    "Blue Component" : 0.78039216995239258,
    "Alpha Component" : 1,
    "Green Component" : 0.85098040103912354
  },
  "Working Directory" : "\/Users\/byoder",
  "Blinking Cursor" : false,
  "Disable Window Resizing" : true,
  "Sync Title" : false,
  "Prompt Before Closing 2" : 2,
  "BM Growl" : false,
  "Mouse Reporting" : true,
  "Command" : "",
  "Description" : "Default",
  "Screen" : 0,
  "Selection Color" : {
    "Red Component" : 0.098039217293262454,
    "Color Space" : "Calibrated",
    "Blue Component" : 0.90196079015731812,
    "Alpha Component" : 1,
    "Green Component" : 0.80392158031463623
  },
  "Columns" : 80,
  "Idle Code" : 0,
  "Ansi 13 Color" : {
    "Red Component" : 0.97647058963775635,
    "Color Space" : "Calibrated",
    "Blue Component" : 0.21568627655506134,
    "Alpha Component" : 1,
    "Green Component" : 0.44313725829124451
  },
  "Custom Command" : "No",
  "ASCII Anti Aliased" : true,
  "Non Ascii Font" : "SymbolsNFM 15",
  "Vertical Spacing" : 1,
  "Use Bold Font" : true,
  "Option Key Sends" : 2,
  "Selected Text Color" : {
    "Red Component" : 0,
    "Color Space" : "Calibrated",
    "Blue Component" : 0,
    "Alpha Component" : 1,
    "Green Component" : 0
  },
  "Background Color" : {
    "Red Component" : 0,
    "Color Space" : "Calibrated",
    "Blue Component" : 0,
    "Alpha Component" : 1,
    "Green Component" : 0
  },
  "Character Encoding" : 4,
  "Ansi 11 Color" : {
    "Red Component" : 0.99215686321258545,
    "Color Space" : "Calibrated",
    "Blue Component" : 0.32941177487373352,
    "Alpha Component" : 1,
    "Green Component" : 0.95686274766921997
  },
  "Non-ASCII Ligatures" : true,
  "Use Italic Font" : true,
  "Unlimited Scrollback" : true,
  "Keyboard Map" : {

  },
  "Window Type" : 1,
  "Cursor Type" : 2,
  "Background Image Location" : "",
  "Blur" : false,
  "Badge Color" : {
    "Red Component" : 0.95228904485702515,
    "Color Space" : "Calibrated",
    "Blue Component" : 0.55990481376647949,
    "Alpha Component" : 0.50196078431372548,
    "Green Component" : 0.12854912877082825
  },
  "Scrollback Lines" : 0,
  "Send Code When Idle" : false,
  "Close Sessions On End" : true,
  "Terminal Type" : "xterm-256color",
  "Visual Bell" : true,
  "Flashing Bell" : true,
  "Silence Bell" : true,
  "Ansi 14 Color" : {
    "Red Component" : 0.098039217293262454,
    "Color Space" : "Calibrated",
    "Blue Component" : 0.90196079015731812,
    "Alpha Component" : 1,
    "Green Component" : 0.80392158031463623
  },
  "ASCII Ligatures" : true,
  "Name" : "Default",
  "Cursor Text Color" : {
    "Red Component" : 0.85490196943283081,
    "Color Space" : "Calibrated",
    "Blue Component" : 0.78039216995239258,
    "Alpha Component" : 1,
    "Green Component" : 0.85098040103912354
  },
  "Shortcut" : "",
  "Cursor Color" : {
    "Red Component" : 0.098039217293262454,
    "Color Space" : "Calibrated",
    "Blue Component" : 0.90196079015731812,
    "Alpha Component" : 1,
    "Green Component" : 0.80392158031463623
  },
  "Transparency" : 0,
  "Guid" : "ADFD411E-76FA-4A20-827E-540023E49AA3",
  "Ansi 1 Color" : {
    "Red Component" : 0.96470588445663452,
    "Color Space" : "Calibrated",
    "Blue Component" : 0.56078433990478516,
    "Alpha Component" : 1,
    "Green Component" : 0.094117648899555206
  },
  "Custom Directory" : "No",
  "Link Color" : {
    "Red Component" : 0.35686275362968445,
    "Color Space" : "Calibrated",
    "Blue Component" : 0.49411764740943909,
    "Alpha Component" : 1,
    "Green Component" : 0.17647059261798859
  },
  "Right Option Key Sends" : 0,
  "Ansi 6 Color" : {
    "Red Component" : 0.070588238537311554,
    "Color Space" : "Calibrated",
    "Blue Component" : 0.88627451658248901,
    "Alpha Component" : 1,
    "Green Component" : 0.76470589637756348
  },
  "Ansi 7 Color" : {
    "Red Component" : 1,
    "Color Space" : "Calibrated",
    "Blue Component" : 1,
    "Alpha Component" : 1,
    "Green Component" : 1
  },
  "Ansi 8 Color" : {
    "Red Component" : 0,
    "Color Space" : "Calibrated",
    "Blue Component" : 0,
    "Alpha Component" : 1,
    "Green Component" : 0
  },
  "Ansi 9 Color" : {
    "Red Component" : 0.97254902124404907,
    "Color Space" : "Calibrated",
    "Blue Component" : 0.62745100259780884,
    "Alpha Component" : 1,
    "Green Component" : 0.25490197539329529
  },
  "Horizontal Spacing" : 1,
  "Ansi 0 Color" : {
    "Red Component" : 0,
    "Color Space" : "Calibrated",
    "Blue Component" : 0,
    "Alpha Component" : 1,
    "Green Component" : 0
  }
}
]
}
